"Designator","Footprint","Quantity","Value","LCSC Part #"
"C201","EasyEDA_Lib_2:CAP-SMD_BD6.3-L6.6-W6.6-LS7.4-FD","1","100uF","C1517616"
"C202,C632","EasyEDA_Lib:C0805","2","1uF","C5370002"
"C203,C204,C302,C305,C307,C407,C408,C414,C416,C420","EasyEDA_Lib:C0805","10","10uF","C440198"
"C205,C206,C207,C208,C601,C602,C603,C604,C644,C646","EasyEDA_Lib_2:C2220","10","2.2uF","C153032"
"C209,C210,C211,C212,C213,C214,C215,C216,C223,C224,C227,C605,C606,C607,C608,C616,C617,C626,C627,C634,C635,C639,C640","EasyEDA_Lib:C0603","23","100nF","C15725"
"C217,C218,C219,C220,C221,C222,C225,C226,C301,C405,C406,C412,C413,C618,C619,C620,C621,C622,C623","EasyEDA_Lib:C0805","19","4.7uF","C98192"
"C303","EasyEDA_Lib:C0402","1","1uF","C7472946"
"C304,C306,C409,C410,C421,C501,C502","EasyEDA_Lib:C0402","7","100nF","C60474"
"C401,C402,C403,C404","EasyEDA_Lib:C0402","4","22pF","C106203"
"C411,C415","Capacitor_SMD:C_0805_2012Metric_Pad1.18x1.45mm_HandSolder","2","100nF",""
"C417","EasyEDA_Lib_2:C0805","1","100pF","C599828"
"C418,C419,C422,C423","EasyEDA_Lib:C0402","4","220pF","C71693"
"C609","EasyEDA_Lib_2:CAP-SMD_BD10.0-L10.3-W10.3-FD-LS11.0","1","47uF","C49424130"
"C610","EasyEDA_Lib:C0805","1","470pF","C107138"
"C611,C612,C614,C624,C645","EasyEDA_Lib:C1206","5","4.7uF","C237304"
"C613","EasyEDA_Lib_2:C0805","1","33nF","C327114"
"C615","EasyEDA_Lib:C0603","1","220nF","C64705"
"C625","EasyEDA_Lib:C0603","1","47pF","C1671"
"C628","EasyEDA_Lib:C0603","1","4.7nF","C327158"
"C629,C630,C631,C633,C638,C641","EasyEDA_Lib:C1206","6","47uF","C403725"
"C636,C637,C642,C643","EasyEDA_Lib:CAP-SMD_L3.5-W2.8-R-RD","4","10uF","C7194"
"CN201","EasyEDA_Lib:CONN-SMD_A1257WV-S-2P","1","","C225118"
"D201,D202","EasyEDA_Lib_2:SOD-323_L1.8-W1.3-LS2.5-RD","2","","C2128"
"D203,D217","EasyEDA_Lib:SMB_L4.3-W3.6-LS5.4-BI","2","SMBJ78CA","C2903953"
"D204,D205,D208,D209,D210,D211,D214,D219","EasyEDA_Lib:SMB_L4.6-W3.6-LS5.4-BI","8","","C19077568"
"D206,D207","EasyEDA_Lib_2:SMA_L4.3-W2.6-LS5.2-RD","2","","C47779"
"D212,D213,D606,D607","EasyEDA_Lib:SMB_L4.6-W3.6-LS5.3-BI","4","","C83323"
"D215,D218","Diode_SMD:D_SMA","2","SS34",""
"D216","lcsc_footprints:C719814_TO-277A_L5_9-W4_4-LS6_5-TR","1","FSV10150V","C719814"
"D301","EasyEDA_Lib:SMA_L4.3-W2.6-LS5.0-FD","1","","C7420316"
"D302","EasyEDA_Lib:SOT-23-6_L2.9-W1.6-P0.95-LS2.8-BL","1","","C7519"
"D401,D403","Samacsys:DIONC1608X55N","2","PESD0603-240",""
"D402","EasyEDA_Lib_2:SOT-323-3_L2.0-W1.3-P1.30-LS2.1-BR","1","","C152727"
"D404","EasyEDA_Lib:SOT-23-3_L2.9-W1.3-P1.90-LS2.4-BL-2","1","","C14486"
"D601,D602","EasyEDA_Lib_2:SMB_L4.6-W3.6-LS5.3-RD","2","","C47124"
"D603","EasyEDA_Lib:SMB_L4.6-W3.6-LS5.3-RD","1","","C135108"
"D604","EasyEDA_Lib:SOD-123FL_L2.8-W1.8-LS3.8-RD","1","","C5354735"
"D605,D608","EasyEDA_Lib:SOD-123_L2.7-W1.6-LS3.7-RD-1","2","","C260853"
"D609","EasyEDA_Lib:SMB_L4.6-W3.6-LS5.3-RD","1","","C151789"
"D610","EasyEDA_Lib:SMB_L4.6-W3.6-LS5.3-RD","1","","C284082"
"F201,F603","EasyEDA_Lib:FUSE-SMD_L9.8-W5.1","2","0154005.DR","C206916"
"F202,F203,F601,F602","EasyEDA_Lib:FUSE-SMD_L9.8-W5.1","4","","C206908"
"H401,H402","EasyEDA_Lib:HDR-TH_2P-P2.54-V-M","2","","C492401"
"HC201,HC202","CBC_PCB:C90D_PAD","2","C90D_PAD",""
"J201,J202,J203,J204","CBC_PCB:AMT0650009DB0000G","4","AMT0650009DB0000G",""
"J501","CBC_PCB:B08B-JWPF-SK-R","1","B08B-JWPF-SK-R",""
"L201,L202","EasyEDA_Lib_2:IND-SMD_L5.0-W5.0-P3.60_SMNR5040","2","33uH","C9390"
"L401","EasyEDA_Lib:FILTER-SMD_4P-L4.5-W3.2_ACT45B-510-2P","1","","C48928226"
"L601","EasyEDA_Lib_2:IND-SMD_L6.6-W6.4","1","22uH","C5366013"
"L602,L603","EasyEDA_Lib_2:IND-SMD_L6.0-W6.0_SMNR6045","2","33uH","C135306"
"L604","EasyEDA_Lib:XFMR-SMD_12P-L22.1-W21.8-P3.00-LS29.2-BL","1","20.5uH","C5723154"
"LED201,LED202,LED203,LED301,LED601,LED602,LED603","EasyEDA_Lib:LED0603-RD","7","","C12624"
"Q201,Q205,Q206,Q207,Q208,Q209,Q210","EasyEDA_Lib:TOLL-8_L10.4-W9.9-P1.20-LS11.7-BL","7","","C22385354"
"Q202,Q203","lcsc_footprints:C2846922_SOT-323-3_L2_0-W1_3-P1_30-LS2_1-BR","2","LMUN5235T1G","C2846922"
"Q204","EasyEDA_Lib:TOLL-8_L10.4-W9.9-P1.20-LS11.7-BL","1","SP015N03BGHTO","C22385354"
"Q301","EasyEDA_Lib:SC-70-6_L2.2-W1.3-P0.65-LS2.1-BR","1","","C62892"
"Q601","CBC_PCB:DFN-8_L5.9-W5.2-P1.27-LS6.2-BL","1","","C501501"
"Q602","CBC_PCB:DFN-8_L5.9-W5.2-P1.27-LS6.2-BL","1","","C501500"
"R201,R207,R212,R217,R223,R226,R227,R235,R237,R242,R301,R401,R402","EasyEDA_Lib:R0402","13","10kΩ","C190095"
"R202","EasyEDA_Lib_2:R0805","1","15kΩ","C114559"
"R203","EasyEDA_Lib_2:R0805","1","120kΩ","C114524"
"R204","EasyEDA_Lib_2:R0805","1","36kΩ","C114527"
"R205","EasyEDA_Lib_2:R0805","1","10kΩ","C84376"
"R206","EasyEDA_Lib:R0402","1","330Ω","C105875"
"R208,R209","EasyEDA_Lib:R2512","2","10Ω","C47019"
"R210,R214,R218,R225,R228,R236,R240","lcsc_footprints:C25076_R0402","7","100Ω","C25076"
"R211,R213","lcsc_footprints:C106231_R0402","2","0","C106231"
"R215,R216","lcsc_footprints:C114617_R0603","2","300","C114617"
"R219,R221","EasyEDA_Lib:R0603","2","590K, 0603",""
"R220,R222,R232,R234,R605,R607,R614,R616","EasyEDA_Lib:R0603","8","10kΩ","C95204"
"R224","lcsc_footprints:C125758_R0603","1","20","C125758"
"R229,R230","EasyEDA_Lib:RES-TH_BD7.5-L20.0-P24.00-D1.0","2","33Ω","C511506"
"R231,R233,R613,R615","EasyEDA_Lib:R0603","4","140kΩ","C47115952"
"R238,R239,R241,R625","EasyEDA_Lib:R0603","4","1.8kΩ","C4177"
"R302","EasyEDA_Lib:R0603","1","39Ω","C23154"
"R303,R304","EasyEDA_Lib:R0402","2","5.1kΩ","C25905"
"R403","Resistor_SMD:R_0805_2012Metric_Pad1.20x1.40mm_HandSolder","1","0R",""
"R404","Resistor_SMD:R_0805_2012Metric_Pad1.20x1.40mm_HandSolder","1","10K",""
"R405,R408","EasyEDA_Lib:R0603","2","120Ω","C22787"
"R406","EasyEDA_Lib_2:R0805","1","1MΩ","C107700"
"R407,R611","EasyEDA_Lib:R0402","2","0Ω","C106231"
"R501,R502","EasyEDA_Lib:R0402","2","4.7kΩ","C105871"
"R601","EasyEDA_Lib:R0603","1","6.04kΩ","C25977"
"R602","EasyEDA_Lib:R0603","1","60.4kΩ","C23089"
"R603","EasyEDA_Lib:R0603","1","7.5kΩ","C2930127"
"R604,R606","EasyEDA_Lib:R0603","2","240kΩ","C705831"
"R608","EasyEDA_Lib:R0805","1","1.2MΩ","C2933294"
"R609","EasyEDA_Lib:R0603","1","51kΩ","C351642"
"R610","EasyEDA_Lib:R0805","1","160kΩ","C17485"
"R612","EasyEDA_Lib:R0805","1","68Ω","C445645"
"R617,R623","EasyEDA_Lib:R0805","2","3Ω","C17660"
"R618,R619,R621,R626,R627","EasyEDA_Lib:R0603","5","100Ω","C394538"
"R620,R622","EasyEDA_Lib:R0603","2","390Ω","C23151"
"R624","EasyEDA_Lib:R0603","1","2.37kΩ","C2933174"
"SW301","EasyEDA_Lib:SW-SMD_L3.9-W3.0-P4.45","1","","C720477"
"U201","EasyEDA_Lib:UDFN-8_L1.5-W1.0-P0.35-BL","1","74LVC2G02HK3-7","C842632"
"U202","EasyEDA_Lib:SOT-25-5_L3.0-W1.8-P0.95-LS3.0-BL","1","74LVC1G17W5-7","C151394"
"U203","EasyEDA_Lib:SOP-4_L4.1-W3.8-P2.54-LS6.1-BL","1","CPC1106NTR","C5341660"
"U204,U205,U601,U602","CBC_PCB:SOIC-8EP_MP9486_MNP","4","MP9486GN-Z",""
"U206,U207","lcsc_footprints:C42432174_SOP-6_L6_8-W4_6-P1_27-LS11_7-BL","2","ICPL-314P-500EAXW","C42432174"
"U208,U209","CBC_PCB:SMD_BD6.0-D4.2","2","BSMTSOM330BTR","C20617225"
"U301","EasyEDA_Lib:WIRELM-SMD_ESP32-S3-WROOM-1","1","2.4GHz","C2913202"
"U302","EasyEDA_Lib:QFN-24_L4.0-W4.0-P0.50-BL-EP2.7","1","","C47742"
"U401,U402","EasyEDA_Lib:TSSOP-20_L6.5-W4.4-P0.65-LS6.4-BL","2","","C185941"
"U403","Samacsys:SOIC127P600X175-8N","1","TJA1049T/3J",""
"U404","EasyEDA_Lib:SOIC-20_L13.0-W7.6-P1.27-LS10.3-BL","1","ADM3053BRWZ-REEL7","C117821"
"U501,U502","EasyEDA_Lib:SOIC-8_L4.9-W3.9-P1.27-LS6.0-BL","2","","C97190"
"U603","EasyEDA_Lib_2:C0805","1","1uF","C5370002"
"U604","EasyEDA_Lib:MSOP-16_12P-L4.0-W3.0-P0.50-LS4.9-BL","1","","C117158"
"U605","EasyEDA_Lib:C0603","1","120pF","C1864338"
"U606","EasyEDA_Lib:R1206","1","10mΩ","C20608707"
"U607,U608,U613,U614","EasyEDA_Lib:MAX40203AUK_T_SOT-23-5","4","MAX40203AUK+T","C2653639"
"U609","EasyEDA_Lib:IND-SMD_L6.6-W6.4_XAL6060-103ME","1","1uH","C2938919"
"U610","EasyEDA_Lib:TSOT-23-5_L2.9-W1.6-P0.95-LS2.8-BR","1","","C580284"
"U611,U612","EasyEDA_Lib:SOT-223-3_L6.5-W3.4-P2.30-LS7.0-BR","2","","C6186"
"USB301","EasyEDA_Lib_2:USB-C-SMD_TYPEC-303-ACP16","1","","C720628"
"X401,X402","EasyEDA_Lib:CRYSTAL-SMD_L3.2-W2.5_3225-8MHZ","2","16MHz","C481399"
